{"cameraMode":{"drawMode":0,"name":"Shaded","section":"Shading Mode"},"sceneLighting":false,"audioPlay":false,"sceneViewState":{"m_AlwaysRefresh":false,"showFog":true,"showSkybox":false,"showFlares":true,"showImageEffects":true,"showParticleSystems":true,"showVisualEffectGraphs":true,"m_FxEnabled":true},"in2DMode":false,"pivot":{"x":2.5438942909240724,"y":-4.1379522031093077e-10,"z":0.003471165895462036},"rotation":{"x":0.3553727865219116,"y":0.00000774285217630677,"z":0.00002464784665789921,"w":0.9347348213195801},"size":0.5012932419776917,"orthographic":false}